Empresa:,"Empresa Reporte",Periodo:,"2026-08-17 al 2026-08-23"

PIN,Empleado,Tarjeta,Fecha,Día,"1. Entrada","2. Salida Comer","3. Entrada Comer","4. Salida","Total Marcaciones"
5001,"Juan Perez",-,2026-08-17,Lunes,-,-,-,-,0
5001,"Juan Perez",-,2026-08-18,Martes,-,-,-,-,0
5001,"Juan Perez",-,2026-08-19,Miércoles,-,-,-,-,0
5001,"Juan Perez",-,2026-08-20,Jueves,-,-,-,-,0
5001,"Juan Perez",-,2026-08-21,Viernes,08:00:00,13:00:00,14:00:00,17:00:00,4
5001,"Juan Perez",-,2026-08-22,Sábado,-,-,-,-,0
5001,"Juan Perez",-,2026-08-23,Domingo,-,-,-,-,0
